{
	"credit": "Чек мама",
	"textures": {
		"1": "written_clipboard"
	},
	"elements": [
		{
			"name": "base",
			"from": [2, 0, 0],
			"to": [14, 0.5, 16],
			"faces": {
				"north": {"uv": [14, 0, 2, 0.5], "texture": "#1"},
				"east": {"uv": [13, 0, 14, 16], "texture": "#1"},
				"south": {"uv": [2, 15.5, 14, 16], "texture": "#1"},
				"west": {"uv": [13, 0, 14, 16], "texture": "#1"},
				"up": {"uv": [2, 0, 14, 16], "texture": "#1"},
				"down": {"uv": [2, 0, 3, 16], "texture": "#1"}
			}
		},
		{
			"name": "clip_1",
			"from": [6, 0.5, 1],
			"to": [10, 1, 2],
			"faces": {
				"north": {"uv": [0, 0, 4, 1], "texture": "#missing"},
				"east": {"uv": [8, 0, 9, 1], "texture": "#1"},
				"south": {"uv": [6, 1, 10, 2], "texture": "#1"},
				"west": {"uv": [7, 0, 8, 1], "texture": "#1"},
				"up": {"uv": [6, 1, 10, 2], "texture": "#1"},
				"down": {"uv": [0, 0, 4, 1], "texture": "#missing"}
			}
		},
		{
			"name": "clip_2",
			"from": [5, 0.5, 0],
			"to": [11, 1, 1],
			"faces": {
				"north": {"uv": [11, 0, 5, 1], "texture": "#1"},
				"east": {"uv": [8, 0, 9, 1], "texture": "#1"},
				"south": {"uv": [5, 0, 11, 1], "texture": "#1"},
				"west": {"uv": [7, 0, 8, 1], "texture": "#1"},
				"up": {"uv": [5, 0, 11, 1], "texture": "#1"},
				"down": {"uv": [0, 0, 6, 1], "texture": "#missing"}
			}
		},
		{
			"name": "paper_sheet",
			"from": [3, 0.5, 1],
			"to": [13, 0.65, 15],
			"faces": {
				"north": {"uv": [3, 3, 13, 3.15], "texture": "#1"},
				"east": {"uv": [3, 3, 13, 3.15], "texture": "#1"},
				"south": {"uv": [3, 3, 13, 3.15], "texture": "#1"},
				"west": {"uv": [3, 3, 13, 3.15], "texture": "#1"},
				"up": {"uv": [3, 1, 13, 15], "texture": "#1"},
				"down": {"uv": [0, 0, 10, 14], "texture": "#missing"}
			}
		}
	],
	"display": {
		"thirdperson_righthand": {
			"rotation": [100.25, 0, 0],
			"translation": [-5, 0.5, 7.25],
			"scale": [0.7, 0.7, 0.7]
		},
		"thirdperson_lefthand": {
			"rotation": [90, 0, 90],
			"translation": [-5.75, -0.75, 0],
			"scale": [0.7, 0.7, 0.7]
		},
		"firstperson_righthand": {
			"rotation": [35, 0, 0],
			"translation": [-8.75, 4, -7.75]
		},
		"firstperson_lefthand": {
			"rotation": [65.25, 0, 90],
			"translation": [-2, 0, -0.25],
			"scale": [0.5, 0.5, 0.5]
		},
		"ground": {
			"translation": [1, 2, -0.25],
			"scale": [0.5, 0.5, 0.5]
		},
		"gui": {
			"rotation": [90, 0, 0],
			"scale": [0.9, 0.9, 0.9]
		},
		"head": {
			"rotation": [0, 180, 0],
			"translation": [-1, 15, 0]
		},
		"fixed": {
			"rotation": [-90, 180, 0],
			"translation": [0, 0, -8]
		}
	},
	"groups": [
		{
			"name": "body",
			"origin": [8, 8, 8],
			"color": 0,
			"nbt": "{}",
			"children": [
				0,
				{
					"name": "clip",
					"origin": [8, 8, 8],
					"color": 0,
					"nbt": "{}",
					"children": [1, 2]
				},
				{
					"name": "paper",
					"origin": [8, 8, 8],
					"color": 0,
					"nbt": "{}",
					"children": [3]
				}
			]
		}
	]
}