{
	"credit": "Чек мама",
	"textures": {
		"0": "writable_clipboard",
		"1": "written_clipboard",
		"particle": "writable_clipboard"
	},
	"elements": [
		{
			"name": "base",
			"from": [1, 0, 0],
			"to": [13, 0.5, 16],
			"faces": {
				"north": {"uv": [14, 0, 2, 0.5], "texture": "#1"},
				"east": {"uv": [13, 0, 14, 16], "texture": "#1"},
				"south": {"uv": [2, 15.5, 14, 16], "texture": "#1"},
				"west": {"uv": [13, 0, 14, 16], "texture": "#1"},
				"up": {"uv": [2, 0, 14, 16], "texture": "#1"},
				"down": {"uv": [2, 0, 3, 16], "texture": "#1"}
			}
		},
		{
			"name": "clip_1",
			"from": [5, 0.5, 1],
			"to": [9, 1, 2],
			"faces": {
				"north": {"uv": [0, 0, 4, 1], "texture": "#missing"},
				"east": {"uv": [8, 0, 9, 1], "texture": "#1"},
				"south": {"uv": [6, 1, 10, 2], "texture": "#1"},
				"west": {"uv": [7, 0, 8, 1], "texture": "#1"},
				"up": {"uv": [6, 1, 10, 2], "texture": "#1"},
				"down": {"uv": [0, 0, 4, 1], "texture": "#missing"}
			}
		},
		{
			"name": "clip_2",
			"from": [4, 0.5, 0],
			"to": [10, 1, 1],
			"faces": {
				"north": {"uv": [11, 0, 5, 1], "texture": "#1"},
				"east": {"uv": [8, 0, 9, 1], "texture": "#1"},
				"south": {"uv": [5, 0, 11, 1], "texture": "#1"},
				"west": {"uv": [7, 0, 8, 1], "texture": "#1"},
				"up": {"uv": [5, 0, 11, 1], "texture": "#1"},
				"down": {"uv": [0, 0, 6, 1], "texture": "#missing"}
			}
		},
		{
			"name": "paper_sheet",
			"from": [2, 0.5, 1],
			"to": [12, 0.65, 15],
			"faces": {
				"north": {"uv": [3, 3, 13, 3.15], "texture": "#1"},
				"east": {"uv": [3, 3, 13, 3.15], "texture": "#1"},
				"south": {"uv": [3, 3, 13, 3.15], "texture": "#1"},
				"west": {"uv": [3, 3, 13, 3.15], "texture": "#1"},
				"up": {"uv": [3, 1, 13, 15], "texture": "#1"},
				"down": {"uv": [0, 0, 10, 14], "texture": "#missing"}
			}
		},
		{
			"name": "feather_1",
			"from": [15, 0.7, 2],
			"to": [16, 0.85, 5],
			"faces": {
				"north": {"uv": [16, 2, 15, 3.15], "texture": "#0"},
				"east": {"uv": [16, 2, 15, 5.15], "texture": "#0"},
				"south": {"uv": [15, 4, 16, 5.15], "texture": "#0"},
				"west": {"uv": [12, 1, 13, 6.15], "texture": "#0"},
				"up": {"uv": [15, 2, 16, 5], "texture": "#0"},
				"down": {"uv": [15, 2, 16, 5], "texture": "#0"}
			}
		},
		{
			"name": "feather_2",
			"from": [12, 0.7, 1],
			"to": [15, 0.85, 6],
			"faces": {
				"north": {"uv": [15, 1, 12, 2.15], "texture": "#0"},
				"east": {"uv": [15, 1, 14, 6.15], "texture": "#0"},
				"south": {"uv": [12, 5, 15, 6.15], "texture": "#0"},
				"west": {"uv": [12, 1, 13, 6.15], "texture": "#0"},
				"up": {"uv": [12, 1, 15, 6], "texture": "#0"},
				"down": {"uv": [12, 1, 15, 6], "texture": "#0"}
			}
		},
		{
			"name": "feather_3",
			"from": [11, 0.7, 3],
			"to": [12, 0.85, 12],
			"faces": {
				"north": {"uv": [12, 3, 11, 4.15], "texture": "#0"},
				"east": {"uv": [12, 3, 11, 12.15], "texture": "#0"},
				"south": {"uv": [11, 11, 12, 12.15], "texture": "#0"},
				"west": {"uv": [11, 3, 12, 12.15], "texture": "#0"},
				"up": {"uv": [11, 3, 12, 12], "texture": "#0"},
				"down": {"uv": [11, 3, 14, 7], "texture": "#0"}
			}
		},
		{
			"name": "feather_4",
			"from": [12, 0.7, 6],
			"to": [13, 0.85, 9],
			"faces": {
				"north": {"uv": [15, 1, 12, 2.15], "texture": "#0"},
				"east": {"uv": [13, 6, 12, 9.15], "texture": "#0"},
				"south": {"uv": [12, 8, 13, 9.15], "texture": "#0"},
				"west": {"uv": [12, 1, 13, 6.15], "texture": "#0"},
				"up": {"uv": [12, 6, 13, 9], "texture": "#0"},
				"down": {"uv": [12, 1, 15, 6], "texture": "#0"}
			}
		},
		{
			"name": "feather_5",
			"from": [13, 0.7, 6],
			"to": [14, 0.85, 7],
			"faces": {
				"north": {"uv": [15, 1, 12, 2.15], "texture": "#0"},
				"east": {"uv": [14, 6, 13, 7.15], "texture": "#0"},
				"south": {"uv": [13, 6, 14, 7.15], "texture": "#0"},
				"west": {"uv": [12, 1, 13, 6.15], "texture": "#0"},
				"up": {"uv": [14, 6, 13, 7], "texture": "#0"},
				"down": {"uv": [12, 1, 15, 6], "texture": "#0"}
			}
		},
		{
			"name": "feather_6",
			"from": [10, 0.7, 4],
			"to": [11, 0.85, 12],
			"faces": {
				"north": {"uv": [15, 1, 12, 2.15], "texture": "#0"},
				"east": {"uv": [14, 6, 13, 7.15], "texture": "#0"},
				"south": {"uv": [13, 6, 14, 7.15], "texture": "#0"},
				"west": {"uv": [12, 1, 13, 6.15], "texture": "#0"},
				"up": {"uv": [11, 4, 10, 12], "texture": "#0"},
				"down": {"uv": [12, 1, 15, 6], "texture": "#0"}
			}
		},
		{
			"name": "feather_7",
			"from": [9, 0.7, 6],
			"to": [10, 0.85, 14],
			"faces": {
				"north": {"uv": [15, 1, 12, 2.15], "texture": "#0"},
				"east": {"uv": [14, 6, 13, 7.15], "texture": "#0"},
				"south": {"uv": [13, 6, 14, 7.15], "texture": "#0"},
				"west": {"uv": [12, 1, 13, 6.15], "texture": "#0"},
				"up": {"uv": [10, 6, 9, 14], "texture": "#0"},
				"down": {"uv": [12, 1, 15, 6], "texture": "#0"}
			}
		},
		{
			"name": "feather_8",
			"from": [8, 0.7, 9],
			"to": [9, 0.85, 11],
			"faces": {
				"north": {"uv": [15, 1, 12, 2.15], "texture": "#0"},
				"east": {"uv": [14, 6, 13, 7.15], "texture": "#0"},
				"south": {"uv": [13, 6, 14, 7.15], "texture": "#0"},
				"west": {"uv": [12, 1, 13, 6.15], "texture": "#0"},
				"up": {"uv": [9, 9, 8, 11], "texture": "#0"},
				"down": {"uv": [12, 1, 15, 6], "texture": "#0"}
			}
		}
	],
	"display": {
		"thirdperson_righthand": {
			"rotation": [100.25, 0, 0],
			"translation": [-5, 0.5, 7.25],
			"scale": [0.7, 0.7, 0.7]
		},
		"thirdperson_lefthand": {
			"rotation": [90, 0, 90],
			"translation": [-5.75, -0.75, 0],
			"scale": [0.7, 0.7, 0.7]
		},
		"firstperson_righthand": {
			"rotation": [35, 0, 0],
			"translation": [-7.75, 4, -7.75]
		},
		"firstperson_lefthand": {
			"rotation": [65.25, 0, 90],
			"translation": [-2, 0, -0.25],
			"scale": [0.5, 0.5, 0.5]
		},
		"ground": {
			"translation": [1, 3.5, -0.25],
			"scale": [0.5, 0.5, 0.5]
		},
		"gui": {
			"rotation": [90, 0, 0],
			"scale": [0.9, 0.9, 0.9]
		},
		"head": {
			"rotation": [0, 180, 0],
			"translation": [-1, 15, 0]
		},
		"fixed": {
			"rotation": [-90, 180, 0],
			"translation": [0, 0, -7]
		}
	},
	"groups": [
		{
			"name": "body",
			"origin": [8, 8, 8],
			"color": 0,
			"nbt": "{}",
			"children": [
				0,
				{
					"name": "clip",
					"origin": [8, 8, 8],
					"color": 0,
					"nbt": "{}",
					"children": [1, 2]
				},
				{
					"name": "paper",
					"origin": [8, 8, 8],
					"color": 0,
					"nbt": "{}",
					"children": [3]
				},
				{
					"name": "feather",
					"origin": [8, 8, 8],
					"color": 0,
					"nbt": "{}",
					"children": [4, 5, 6, 7, 8, 9, 10, 11]
				}
			]
		}
	]
}